seed,round,policy,predicted_ms,prefix_rows,gain_vs_static_pct,prefix_delta_vs_static
17,0,static,9.826706781818265,9,0.0,0
17,0,random,7.677554464877624,8,21.870524527271765,-1
17,0,cost-only,9.73595973842535,9,0.9234736052246738,0
17,0,rho,7.27644602705105,8,25.952344069997096,-1
17,0,rho*C,7.27644602705105,8,25.952344069997096,-1
17,0,rho/C,7.27644602705105,8,25.952344069997096,-1
17,0,sampled-minset-128,7.677554464877624,8,21.870524527271765,-1
17,0,sampled-minset-512,7.649307391791244,8,22.15797660774539,-1
17,0,oracle-minset,7.677554464877624,8,21.870524527271765,-1
17,1,static,6.259919145553945,8,0.0,0
17,1,random,6.65430406078759,9,-6.3001598912623935,1
17,1,cost-only,6.248885210514778,8,0.17626321974148954,0
17,1,rho,9.554867335823294,10,-52.63563496039016,2
17,1,rho*C,9.554867335823294,10,-52.63563496039016,2
17,1,rho/C,9.554867335823294,10,-52.63563496039016,2
17,1,sampled-minset-128,6.171647665240609,8,1.4101057579318608,0
17,1,sampled-minset-512,6.076020228234499,8,2.937720329024678,0
17,1,oracle-minset,6.248885210514778,8,0.17626321974148954,0
17,2,static,7.39508373401384,8,0.0,0
17,2,random,8.11525144095052,9,-9.738465889497016,1
17,2,cost-only,7.27644602705105,8,1.604278074866313,0
17,2,rho,12.021108073248573,10,-62.55540174558456,2
17,2,rho*C,12.021108073248573,10,-62.55540174558456,2
17,2,rho/C,12.021108073248573,10,-62.55540174558456,2
17,2,sampled-minset-128,7.626709733322141,8,-3.132161955691354,0
17,2,sampled-minset-512,7.677554464877624,8,-3.8197097020626614,0
17,2,oracle-minset,7.39508373401384,8,0.0,0
17,3,static,9.826706781818265,10,0.0,0
17,3,random,8.266615231341262,9,15.876036449602248,-1
17,3,cost-only,7.83082924847413,8,20.310746801125504,-2
17,3,rho,7.6912758321885715,8,21.730891101592114,-2
17,3,rho*C,7.6912758321885715,8,21.730891101592114,-2
17,3,rho/C,7.6912758321885715,8,21.730891101592114,-2
17,3,sampled-minset-128,8.11525144095052,8,17.416367241509064,-2
17,3,sampled-minset-512,7.417681392482942,7,24.51508366762903,-3
17,3,oracle-minset,7.938494020711891,8,19.215112478984466,-2
17,4,static,14.384014635377019,8,0.0,0
17,4,random,14.619104462952793,8,-1.6343825665859553,0
17,4,cost-only,14.619104462952793,8,-1.6343825665859553,0
17,4,rho,14.384014635377019,8,0.0,0
17,4,rho*C,14.384014635377019,8,0.0,0
17,4,rho/C,14.384014635377019,8,0.0,0
17,4,sampled-minset-128,14.384014635377019,8,0.0,0
17,4,sampled-minset-512,14.754063438042587,8,-2.572639225181584,0
17,4,oracle-minset,14.5407411870942,8,-1.089588377723962,0
17,5,static,14.384014635377019,8,0.0,0
17,5,random,45.683562487664965,9,-217.59952729266362,1
17,5,cost-only,14.619104462952793,8,-1.6343825665859553,0
17,5,rho,14.384014635377019,8,0.0,0
17,5,rho*C,14.384014635377019,8,0.0,0
17,5,rho/C,14.384014635377019,8,0.0,0
17,5,sampled-minset-128,14.384014635377019,8,0.0,0
17,5,sampled-minset-512,14.754063438042587,8,-2.572639225181584,0
17,5,oracle-minset,14.5407411870942,8,-1.089588377723962,0
17,6,static,11.625253335146903,8,0.0,0
17,6,random,11.625253335146903,8,0.0,0
17,6,cost-only,11.625253335146903,8,0.0,0
17,6,rho,11.43830762934049,8,1.6081000595592618,0
17,6,rho*C,11.43830762934049,8,1.6081000595592618,0
17,6,rho/C,11.43830762934049,8,1.6081000595592618,0
17,6,sampled-minset-128,11.43830762934049,8,1.6081000595592618,0
17,6,sampled-minset-512,11.732574018109842,8,-0.9231685527099337,0
17,6,oracle-minset,11.562938099878101,8,0.5360333531864107,0
17,7,static,14.384014635377019,8,0.0,0
17,7,random,45.65687598382142,9,-217.4139983946471,1
17,7,cost-only,14.619104462952793,8,-1.6343825665859553,0
17,7,rho,14.384014635377019,8,0.0,0
17,7,rho*C,14.384014635377019,8,0.0,0
17,7,rho/C,14.384014635377019,8,0.0,0
17,7,sampled-minset-128,14.384014635377019,8,0.0,0
17,7,sampled-minset-512,14.754063438042587,8,-2.572639225181584,0
17,7,oracle-minset,14.5407411870942,8,-1.089588377723962,0
17,8,static,38.62556625942406,10,0.0,0
17,8,random,17.557847342279754,8,54.54345646519576,-2
17,8,cost-only,17.652470471669286,8,54.29848108087645,-2
17,8,rho,17.368601083500693,8,55.03340723383437,-2
17,8,rho*C,17.368601083500693,8,55.03340723383437,-2
17,8,rho/C,17.368601083500693,8,55.03340723383437,-2
17,8,sampled-minset-128,17.368601083500693,8,55.03340723383437,-2
17,8,sampled-minset-512,17.815432527840144,8,53.876579030104324,-2
17,8,oracle-minset,17.557847342279754,8,54.54345646519576,-2
17,9,static,17.894285135664756,8,0.0,0
17,9,random,17.894285135664756,8,0.0,0
17,9,cost-only,17.652470471669286,8,1.351351351351351,0
17,9,rho,17.368601083500693,8,2.9377203290246694,0
17,9,rho*C,17.368601083500693,8,2.9377203290246694,0
17,9,rho/C,17.368601083500693,8,2.9377203290246694,0
17,9,sampled-minset-128,17.368601083500693,8,2.9377203290246694,0
17,9,sampled-minset-512,17.815432527840144,8,0.44065804935370817,0
17,9,oracle-minset,17.557847342279754,8,1.880141010575797,0
17,10,static,17.894285135664756,8,0.0,0
17,10,random,17.862744092534914,8,0.17626321974147552,0
17,10,cost-only,17.652470471669286,8,1.351351351351351,0
17,10,rho,17.368601083500693,8,2.9377203290246694,0
17,10,rho*C,17.368601083500693,8,2.9377203290246694,0
17,10,rho/C,17.368601083500693,8,2.9377203290246694,0
17,10,sampled-minset-128,17.368601083500693,8,2.9377203290246694,0
17,10,sampled-minset-512,17.815432527840144,8,0.44065804935370817,0
17,10,oracle-minset,17.557847342279754,8,1.880141010575797,0
17,11,static,35.661942922327995,9,0.0,0
17,11,random,12.176823469174298,6,65.85485121857909,-3
17,11,cost-only,14.512029292575662,8,59.306677922223756,-1
17,11,rho,14.278661340878493,8,59.961067258793115,-1
17,11,rho*C,14.278661340878493,8,59.961067258793115,-1
17,11,rho/C,14.278661340878493,8,59.961067258793115,-1
17,11,sampled-minset-128,14.278661340878493,8,59.961067258793115,-1
17,11,sampled-minset-512,14.645999783364772,8,58.93100996974876,-1
17,11,oracle-minset,14.434239975343273,8,59.5248077010802,-1
23,0,static,8.096138542531802,8,0.0,0
23,0,random,10.403592281905782,10,-28.500670131225288,2
23,0,cost-only,9.246733097798435,9,-14.211646073275098,1
23,0,rho,7.888792528637299,8,2.561048243001803,0
23,0,rho*C,7.888792528637299,8,2.561048243001803,0
23,0,rho/C,7.888792528637299,8,2.561048243001803,0
23,0,sampled-minset-128,9.252240383741137,9,-14.27966968618355,1
23,0,sampled-minset-512,9.009919802262203,9,-11.286630718212066,1
23,0,oracle-minset,9.246733097798435,9,-14.211646073275098,1
23,1,static,8.096138542531802,9,0.0,0
23,1,random,17.366317083052568,14,-114.5012340367118,5
23,1,cost-only,8.096138542531802,9,0.0,0
23,1,rho,7.337502356629431,8,9.370345899060322,-1
23,1,rho*C,7.337502356629431,8,9.370345899060322,-1
23,1,rho/C,7.337502356629431,8,9.370345899060322,-1
23,1,sampled-minset-128,8.100960542854928,9,-0.05955926146514326,0
23,1,sampled-minset-512,7.888792528637299,9,2.561048243001803,0
23,1,oracle-minset,8.096138542531802,9,0.0,0
23,2,static,8.096138542531802,8,0.0,0
23,2,random,9.246733097798435,9,-14.211646073275098,1
23,2,cost-only,9.246733097798435,9,-14.211646073275098,1
23,2,rho,7.888792528637299,8,2.561048243001803,0
23,2,rho*C,7.888792528637299,8,2.561048243001803,0
23,2,rho/C,7.888792528637299,8,2.561048243001803,0
23,2,sampled-minset-128,9.252240383741137,9,-14.27966968618355,1
23,2,sampled-minset-512,9.009919802262203,9,-11.286630718212066,1
23,2,oracle-minset,9.246733097798435,9,-14.211646073275098,1
23,3,static,16.921557324522926,14,0.0,0
23,3,random,11.89570000357985,10,29.700914783177446,-4
23,3,cost-only,10.713552937354647,9,36.68695657326743,-5
23,3,rho,7.337502356629431,8,56.63813787401333,-6
23,3,rho*C,7.337502356629431,8,56.63813787401333,-6
23,3,rho/C,7.337502356629431,8,56.63813787401333,-6
23,3,sampled-minset-128,10.71993385036081,9,36.64924779219137,-5
23,3,sampled-minset-512,10.439173678089455,9,38.30843415953874,-5
23,3,oracle-minset,10.713552937354647,9,36.68695657326743,-5
23,4,static,31.700123840973717,9,0.0,0
23,4,random,36.628828943385074,10,-15.547904882443397,1
23,4,cost-only,36.30748911373412,10,-14.53421852821028,1
23,4,rho,38.12841481508953,10,-20.27844120219802,1
23,4,rho*C,38.12841481508953,10,-20.27844120219802,1
23,4,rho/C,38.12841481508953,10,-20.27844120219802,1
23,4,sampled-minset-128,31.700123840973717,9,0.0,0
23,4,sampled-minset-512,12.250087516043983,8,61.35634176857618,-1
23,4,oracle-minset,31.700123840973717,9,0.0,0
23,5,static,133.4086978038278,13,0.0,0
23,5,random,134.24870399310583,13,-0.6296487433774653,0
23,5,cost-only,60.44410610518248,10,54.692529722415,-3
23,5,rho,63.45637035401294,10,52.434607788974134,-3
23,5,rho*C,63.45637035401294,10,52.434607788974134,-3
23,5,rho/C,63.45637035401294,10,52.434607788974134,-3
23,5,sampled-minset-128,52.08060478857384,9,60.96161221425285,-4
23,5,sampled-minset-512,14.104849547968298,8,89.42733886158688,-5
23,5,oracle-minset,52.08060478857384,9,60.96161221425285,-4
23,6,static,12.450179689627278,8,0.0,0
23,6,random,156.35711725707307,14,-1155.8623341584394,6
23,6,cost-only,61.21242322703552,10,-391.6589539509534,2
23,6,rho,64.22468747586599,10,-415.853498318374,2
23,6,rho*C,64.22468747586599,10,-415.853498318374,2
23,6,rho/C,64.22468747586599,10,-415.853498318374,2
23,6,sampled-minset-128,50.08641205772464,9,-302.294692175837,1
23,6,sampled-minset-512,12.250087516043983,8,1.6071428571428468,0
23,6,oracle-minset,50.08641205772464,9,-302.294692175837,1
23,7,static,124.70820245919995,14,0.0,0
23,7,random,32.84884556794188,9,73.65943464810277,-5
23,7,cost-only,48.40810821304324,10,61.182899553956254,-4
23,7,rho,50.81503086564694,10,59.25285597611609,-4
23,7,rho*C,50.81503086564694,10,59.25285597611609,-4
23,7,rho/C,50.81503086564694,10,59.25285597611609,-4
23,7,sampled-minset-128,32.84884556794188,9,73.65943464810277,-5
23,7,sampled-minset-512,20.758313596299093,8,83.35449217697571,-6
23,7,oracle-minset,32.84884556794188,9,73.65943464810277,-5
23,8,static,12.276919745866175,7,0.0,0
23,8,random,136.02049555577452,13,-1007.9366679217293,6
23,8,cost-only,60.81446193932188,10,-395.35602739277516,3
23,8,rho,63.77308568664904,10,-419.4550995425575,3
23,8,rho*C,63.77308568664904,10,-419.4550995425575,3
23,8,rho/C,63.77308568664904,10,-419.4550995425575,3
23,8,sampled-minset-128,52.76993991298088,9,-329.8304542615367,2
23,8,sampled-minset-512,12.60167939704451,8,-2.6452860970088676,1
23,8,oracle-minset,52.76993991298088,9,-329.8304542615367,2
23,9,static,60.26311589459158,10,0.0,0
23,9,random,140.91896123978384,13,-133.83948730143717,3
23,9,cost-only,58.479239811644334,10,2.960145781488453,0
23,9,rho,61.43786355897148,10,-1.9493642951265517,0
23,9,rho*C,61.43786355897148,10,-1.9493642951265517,0
23,9,rho/C,61.43786355897148,10,-1.9493642951265517,0
23,9,sampled-minset-128,54.74166963650284,9,9.162231617340366,-1
23,9,sampled-minset-512,16.55019354488673,8,72.53677759736938,-2
23,9,oracle-minset,54.74166963650284,9,9.162231617340366,-1
23,10,static,65.57682474409879,11,0.0,0
23,10,random,16.55019354488673,8,74.76213035707242,-3
23,10,cost-only,60.778272124746145,10,7.317451917011979,-1
23,10,rho,63.736895872073305,10,2.8057608449409686,-1
23,10,rho*C,63.736895872073305,10,2.8057608449409686,-1
23,10,rho/C,63.736895872073305,10,2.8057608449409686,-1
23,10,sampled-minset-128,54.52034326502712,9,16.860348945252383,-2
23,10,sampled-minset-512,16.55019354488673,8,74.76213035707242,-3
23,10,oracle-minset,54.52034326502712,9,16.860348945252383,-2
23,11,static,59.69331518873,10,0.0,0
23,11,random,58.866640906388604,10,1.3848691092591126,0
23,11,cost-only,57.90943910578275,10,2.9884017620854855,0
23,11,rho,60.868062853109905,10,-1.9679718921050853,0
23,11,rho*C,60.868062853109905,10,-1.9679718921050853,0
23,11,rho/C,60.868062853109905,10,-1.9679718921050853,0
23,11,sampled-minset-128,52.567439641167105,9,11.937476625369683,-1
23,11,sampled-minset-512,16.55019354488673,8,72.27462825182243,-2
23,11,oracle-minset,52.567439641167105,9,11.937476625369683,-1
31,0,static,10.054693230717296,11,0.0,0
31,0,random,9.06146694873614,10,9.878235558165317,-1
31,0,cost-only,8.20928060371328,9,18.353743716081183,-2
31,0,rho,10.156528074281306,11,-1.0128090557044849,0
31,0,rho*C,10.156528074281306,11,-1.0128090557044849,0
31,0,rho/C,10.156528074281306,11,-1.0128090557044849,0
31,0,sampled-minset-128,7.888703963270446,8,21.542072122396608,-3
31,0,sampled-minset-512,9.982809811730933,11,0.7149240393208383,0
31,0,oracle-minset,8.20928060371328,9,18.353743716081183,-2
31,1,static,9.754085034137486,10,0.0,0
31,1,random,11.43293714758506,13,-17.211784678643905,3
31,1,cost-only,9.06146694873614,9,7.100800156829798,-1
31,1,rho,10.156528074281306,11,-4.125892267038326,1
31,1,rho*C,10.156528074281306,11,-4.125892267038326,1
31,1,rho/C,10.156528074281306,11,-4.125892267038326,1
31,1,sampled-minset-128,8.172967065212633,8,16.209803004497424,-2
31,1,sampled-minset-512,9.982809811730933,11,-2.3449126883039604,1
31,1,oracle-minset,9.06146694873614,9,7.100800156829798,-1
31,2,static,10.054693230717296,11,0.0,0
31,2,random,10.11160093741483,11,-0.5659815311289632,0
31,2,cost-only,8.20928060371328,9,18.353743716081183,-2
31,2,rho,10.156528074281306,11,-1.0128090557044849,0
31,2,rho*C,10.156528074281306,11,-1.0128090557044849,0
31,2,rho/C,10.156528074281306,11,-1.0128090557044849,0
31,2,sampled-minset-128,7.888703963270446,8,21.542072122396608,-3
31,2,sampled-minset-512,9.982809811730933,11,0.7149240393208383,0
31,2,oracle-minset,8.20928060371328,9,18.353743716081183,-2
31,3,static,10.054693230717296,11,0.0,0
31,3,random,10.156528074281306,11,-1.0128090557044849,0
31,3,cost-only,8.637807460082767,9,14.09178518053552,-2
31,3,rho,10.156528074281306,11,-1.0128090557044849,0
31,3,rho*C,10.156528074281306,11,-1.0128090557044849,0
31,3,rho/C,10.156528074281306,11,-1.0128090557044849,0
31,3,sampled-minset-128,8.172967065212633,8,18.714903799908583,-3
31,3,sampled-minset-512,9.982809811730933,11,0.7149240393208383,0
31,3,oracle-minset,8.637807460082767,9,14.09178518053552,-2
31,4,static,12.485659676515697,7,0.0,0
31,4,random,51.28765378782067,10,-310.77247912088876,3
31,4,cost-only,32.13113046671682,9,-157.34427574661774,2
31,4,rho,80.81896175591554,13,-547.2942868043094,6
31,4,rho*C,80.81896175591554,13,-547.2942868043094,6
31,4,rho/C,80.81896175591554,13,-547.2942868043094,6
31,4,sampled-minset-128,53.019309842452564,10,-324.6416386166339,3
31,4,sampled-minset-512,58.95353746068664,11,-372.1699853118091,4
31,4,oracle-minset,12.485659676515697,7,0.0,0
31,5,static,27.332729848079865,9,0.0,0
31,5,random,12.699537006822599,8,53.53725340495126,-1
31,5,cost-only,27.332729848079865,9,0.0,0
31,5,rho,67.82434483094622,12,-148.14332563167272,3
31,5,rho*C,67.82434483094622,12,-148.14332563167272,3
31,5,rho/C,67.82434483094622,12,-148.14332563167272,3
31,5,sampled-minset-128,54.700876405355174,10,-100.1295761872023,1
31,5,sampled-minset-512,59.31269598217967,11,-117.00245936593271,2
31,5,oracle-minset,12.485659676515697,7,54.31974871916125,-2
31,6,static,33.56602255968234,10,0.0,0
31,6,random,18.61982004141666,8,44.52777355937976,-2
31,6,cost-only,28.225049657303433,9,15.911843272113469,-1
31,6,rho,69.60898444939338,12,-107.37930544384446,2
31,6,rho*C,69.60898444939338,12,-107.37930544384446,2
31,6,rho/C,69.60898444939338,12,-107.37930544384446,2
31,6,sampled-minset-128,33.56602255968234,10,0.0,0
31,6,sampled-minset-512,58.13885498568812,11,-73.20745966345538,1
31,6,oracle-minset,12.485659676515697,7,62.80268341500554,-3
31,7,static,159.24357098532226,15,0.0,0
31,7,random,28.81358400645004,9,81.90596717458324,-6
31,7,cost-only,27.994492374244114,9,82.42033119388887,-6
31,7,rho,69.14786988327474,12,56.57729259936767,-3
31,7,rho*C,69.14786988327474,12,56.57729259936767,-3
31,7,rho/C,69.14786988327474,12,56.57729259936767,-3
31,7,sampled-minset-128,53.36173298489319,10,66.49049462109109,-5
31,7,sampled-minset-512,64.73270076340418,11,59.349881214752024,-4
31,7,oracle-minset,11.320217055210538,7,92.8912564663261,-8
31,8,static,34.55450371841249,9,0.0,0
31,8,random,12.831743695041599,8,62.86520622721558,-1
31,8,cost-only,33.48443958862221,9,3.0967428689189678,0
31,8,rho,84.15969204496216,13,-143.5563616563168,4
31,8,rho*C,84.15969204496216,13,-143.5563616563168,4
31,8,rho/C,84.15969204496216,13,-143.5563616563168,4
31,8,sampled-minset-128,47.025165168045994,10,-36.08982942211515,1
31,8,sampled-minset-512,47.025165168045994,10,-36.08982942211515,1
31,8,oracle-minset,12.218012393523566,7,64.64133158129209,-2
31,9,static,46.16075014334659,10,0.0,0
31,9,random,45.06455404275483,9,2.374736322931627,-1
31,9,cost-only,45.06455404275483,9,2.374736322931627,-1
31,9,rho,113.27959298065399,13,-145.40240925218504,3
31,9,rho*C,113.27959298065399,13,-145.40240925218504,3
31,9,rho/C,113.27959298065399,13,-145.40240925218504,3
31,9,sampled-minset-128,47.725337144067645,10,-3.389431488575077,0
31,9,sampled-minset-512,68.79934408688204,11,-49.042950717295646,1
31,9,oracle-minset,10.223618560098544,7,77.85213947271146,-3
31,10,static,45.38953055747095,9,0.0,0
31,10,random,122.57142775274748,14,-170.04339160888873,5
31,10,cost-only,45.45218410251871,9,-0.13803523472980087,0
31,10,rho,114.05485310018175,13,-151.28008970211465,4
31,10,rho*C,114.05485310018175,13,-151.28008970211465,4
31,10,rho/C,114.05485310018175,13,-151.28008970211465,4
31,10,sampled-minset-128,50.86080266504757,10,-12.054039864212848,1
31,10,sampled-minset-512,64.81254912846165,11,-42.79184722212059,2
31,10,oracle-minset,10.223618560098544,7,77.47582221156993,-2
31,11,static,116.6100673992488,14,0.0,0
31,11,random,12.725602240547902,8,89.0870466638373,-6
31,11,cost-only,46.231494133092866,9,60.353771193008775,-5
31,11,rho,116.02436101658972,13,0.5022777155712915,-1
31,11,rho*C,116.02436101658972,13,0.5022777155712915,-1
31,11,rho/C,116.02436101658972,13,0.5022777155712915,-1
31,11,sampled-minset-128,47.88012248829823,10,58.9399752901552,-4
31,11,sampled-minset-512,56.63285000310141,11,51.43399599521521,-3
31,11,oracle-minset,12.218012393523566,7,89.52233484979337,-7
43,0,static,13.986896502112884,11,0.0,0
43,0,random,28.784512968060806,15,-105.79628199659996,4
43,0,cost-only,13.986896502112884,11,0.0,0
43,0,rho,12.035118004063344,9,13.954335743849262,-2
43,0,rho*C,12.035118004063344,9,13.954335743849262,-2
43,0,rho/C,12.035118004063344,9,13.954335743849262,-2
43,0,sampled-minset-128,11.921646060595451,8,14.765608948385747,-3
43,0,sampled-minset-512,11.875548083561622,8,15.095188687728676,-3
43,0,oracle-minset,11.921646060595451,8,14.765608948385747,-3
43,1,static,13.937857203100954,11,0.0,0
43,1,random,13.937857203100954,11,0.0,0
43,1,cost-only,13.905983985362903,11,0.22868090319479115,0
43,1,rho,13.81465870101108,10,0.883912787271668,-1
43,1,rho*C,13.81465870101108,10,0.883912787271668,-1
43,1,rho/C,13.81465870101108,10,0.883912787271668,-1
43,1,sampled-minset-128,11.271929712237235,8,19.12724066559236,-3
43,1,sampled-minset-512,11.228344023284505,8,19.439955083006776,-3
43,1,oracle-minset,11.271929712237235,8,19.12724066559236,-3
43,2,static,13.937857203100954,11,0.0,0
43,2,random,11.278635202845345,8,19.079130755220923,-3
43,2,cost-only,13.806445467538426,11,0.9428403064230844,0
43,2,rho,13.81465870101108,11,0.883912787271668,0
43,2,rho*C,13.81465870101108,11,0.883912787271668,0
43,2,rho/C,13.81465870101108,11,0.883912787271668,0
43,2,sampled-minset-128,11.271929712237235,8,19.12724066559236,-3
43,2,sampled-minset-512,11.228344023284505,8,19.439955083006776,-3
43,2,oracle-minset,11.271929712237235,8,19.12724066559236,-3
43,3,static,13.937857203100954,10,0.0,0
43,3,random,11.124408918858759,9,20.185658693764257,-1
43,3,cost-only,13.806445467538426,10,0.9428403064230844,0
43,3,rho,13.81465870101108,10,0.883912787271668,0
43,3,rho*C,13.81465870101108,10,0.883912787271668,0
43,3,rho/C,13.81465870101108,10,0.883912787271668,0
43,3,sampled-minset-128,9.778723600539617,8,29.84055254659945,-2
43,3,sampled-minset-512,10.073707721219543,8,27.72412879234907,-2
43,3,oracle-minset,10.073707721219543,8,27.72412879234907,-2
43,4,static,10.825444544465567,8,0.0,0
43,4,random,10.63367930493163,7,1.7714306211284088,-1
43,4,cost-only,61.41021531752869,10,-467.2766145102488,2
43,4,rho,60.8663257784704,10,-462.25243710280597,2
43,4,rho*C,60.8663257784704,10,-462.25243710280597,2
43,4,rho/C,60.8663257784704,10,-462.25243710280597,2
43,4,sampled-minset-128,42.14148695149975,9,-289.28181451028075,1
43,4,sampled-minset-512,41.25545856811005,9,-281.0971309183014,1
43,4,oracle-minset,41.067513153451635,9,-279.3609859139421,1
43,5,static,33.558185525651545,9,0.0,0
43,5,random,13.8217702040965,8,58.812522227903905,-1
43,5,cost-only,40.72025785816208,10,-21.342251436794502,1
43,5,rho,40.371216373796436,10,-20.302143102871494,1
43,5,rho*C,40.371216373796436,10,-20.302143102871494,1
43,5,rho/C,40.371216373796436,10,-20.302143102871494,1
43,5,sampled-minset-128,33.558185525651545,9,0.0,0
43,5,sampled-minset-512,32.795578726925896,9,2.2724911576125737,0
43,5,oracle-minset,32.63381364840833,9,2.7545347365001063,0
43,6,static,58.898862697881455,12,0.0,0
43,6,random,147.16776050491004,16,-149.86519902735498,4
43,6,cost-only,37.19979891694127,10,36.84122712563121,-2
43,6,rho,36.85075743257563,10,37.43383871162403,-2
43,6,rho*C,36.85075743257563,10,37.43383871162403,-2
43,6,rho/C,36.85075743257563,10,37.43383871162403,-2
43,6,sampled-minset-128,36.27391662264323,9,38.413213836219,-3
43,6,sampled-minset-512,35.511309823917564,9,39.70798722197589,-3
43,6,oracle-minset,35.3495447454,9,39.982636121984925,-3
43,7,static,59.28049345859393,10,0.0,0
43,7,random,147.93102202633497,15,-149.54418122322383,5
43,7,cost-only,58.86964746985973,11,0.6930542658541889,1
43,7,rho,58.3512106380214,10,1.5676030450414737,0
43,7,rho*C,58.3512106380214,10,1.5676030450414737,0
43,7,rho/C,58.3512106380214,10,1.5676030450414737,0
43,7,sampled-minset-128,38.91934360608736,9,34.347132867118205,-1
43,7,sampled-minset-512,38.03331522269766,9,35.84177019500848,-1
43,7,oracle-minset,37.84536980803924,9,36.158814476682174,-1
43,8,static,99.78025949139402,15,0.0,0
43,8,random,99.78025949139402,15,0.0,0
43,8,cost-only,36.75611446443027,10,63.16293959167297,-5
43,8,rho,36.44322576031604,10,63.47651735315517,-5
43,8,rho*C,36.44322576031604,10,63.47651735315517,-5
43,8,rho/C,36.44322576031604,10,63.47651735315517,-5
43,8,sampled-minset-128,30.983181046804212,9,68.94858641906369,-6
43,8,sampled-minset-512,30.27221397419134,9,69.66111921486603,-6
43,8,oracle-minset,30.121402776970427,9,69.81226253518776,-6
43,9,static,11.318238990585279,8,0.0,0
43,9,random,49.93190103506236,10,-341.16316218977744,2
43,9,cost-only,49.93190103506236,10,-341.16316218977744,2
43,9,rho,49.49288284998101,10,-337.2843062525019,2
43,9,rho*C,49.49288284998101,10,-337.2843062525019,2
43,9,rho/C,49.49288284998101,10,-337.2843062525019,2
43,9,sampled-minset-128,35.138207773206844,9,-210.45649241401827,1
43,9,sampled-minset-512,34.34395183199382,9,-203.43900548982714,1
43,9,oracle-minset,34.175473299009234,9,-201.95044765742293,1
43,10,static,10.686211398990842,7,0.0,0
43,10,random,11.57748738217192,8,-8.340430016808828,1
43,10,cost-only,36.76157063874219,10,-244.00938991543617,3
43,10,rho,36.44868193462797,10,-241.08142328224972,3
43,10,rho*C,36.44868193462797,10,-241.08142328224972,3
43,10,rho/C,36.44868193462797,10,-241.08142328224972,3
43,10,sampled-minset-128,29.988457248682053,9,-180.6275875425226,2
43,10,sampled-minset-512,29.32080349121721,9,-174.37978153778744,2
43,10,oracle-minset,29.17917996690648,9,-173.0544893549648,2
43,11,static,11.789855405907971,8,0.0,0
43,11,random,11.775828213277505,8,0.11897679952408752,0
43,11,cost-only,37.88841084135349,10,-221.3645081886871,2
43,11,rho,37.57552213723926,10,-218.710627429832,2
43,11,rho*C,37.57552213723926,10,-218.710627429832,2
43,11,rho/C,37.57552213723926,10,-218.710627429832,2
43,11,sampled-minset-128,29.16812903145409,9,-147.40022695136494,1
43,11,sampled-minset-512,28.500475273989245,9,-141.73727575749126,1
43,11,oracle-minset,28.358851749678518,9,-140.5360436860635,1
59,0,static,8.106470111978505,8,0.0,0
59,0,random,8.473724278817201,9,-4.530383283545626,1
59,0,cost-only,9.917699718651159,10,-22.343012206956708,2
59,0,rho,8.036814516942245,7,0.8592592592592401,-1
59,0,rho*C,8.036814516942245,7,0.8592592592592401,-1
59,0,rho/C,8.036814516942245,7,0.8592592592592401,-1
59,0,sampled-minset-128,8.036814516942245,7,0.8592592592592401,-1
59,0,sampled-minset-512,11.6264257955186,12,-43.421558766235904,4
59,0,oracle-minset,8.051480982106497,8,0.6783363055980776,0
59,1,static,8.106470111978505,8,0.0,0
59,1,random,8.473724278817201,9,-4.530383283545626,1
59,1,cost-only,9.917699718651159,10,-22.343012206956708,2
59,1,rho,8.036814516942245,7,0.8592592592592401,-1
59,1,rho*C,8.036814516942245,7,0.8592592592592401,-1
59,1,rho/C,8.036814516942245,7,0.8592592592592401,-1
59,1,sampled-minset-128,8.036814516942245,7,0.8592592592592401,-1
59,1,sampled-minset-512,11.6264257955186,12,-43.421558766235904,4
59,1,oracle-minset,8.051480982106497,8,0.6783363055980776,0
59,2,static,8.106470111978505,8,0.0,0
59,2,random,11.143311235444301,11,-37.461941899698324,3
59,2,cost-only,9.648119999269978,10,-19.017523854352575,2
59,2,rho,8.036814516942245,7,0.8592592592592401,-1
59,2,rho*C,8.036814516942245,7,0.8592592592592401,-1
59,2,rho/C,8.036814516942245,7,0.8592592592592401,-1
59,2,sampled-minset-128,8.036814516942245,7,0.8592592592592401,-1
59,2,sampled-minset-512,11.6264257955186,12,-43.421558766235904,4
59,2,oracle-minset,8.051480982106497,8,0.6783363055980776,0
59,3,static,8.106470111978505,8,0.0,0
59,3,random,7.9167186634314515,7,2.340740740740737,-1
59,3,cost-only,9.917699718651159,10,-22.343012206956708,2
59,3,rho,8.036814516942245,7,0.8592592592592401,-1
59,3,rho*C,8.036814516942245,7,0.8592592592592401,-1
59,3,rho/C,8.036814516942245,7,0.8592592592592401,-1
59,3,sampled-minset-128,8.036814516942245,7,0.8592592592592401,-1
59,3,sampled-minset-512,11.6264257955186,12,-43.421558766235904,4
59,3,oracle-minset,8.051480982106497,8,0.6783363055980776,0
59,4,static,42.24495497413035,10,0.0,0
59,4,random,43.874234397895876,11,-3.856743189247677,1
59,4,cost-only,17.33078918753871,8,58.97548192878509,-2
59,4,rho,17.480996266569974,8,58.61991975781522,-2
59,4,rho*C,17.480996266569974,8,58.61991975781522,-2
59,4,rho/C,17.480996266569974,8,58.61991975781522,-2
59,4,sampled-minset-128,30.695230209698654,9,27.339891287621047,-1
59,4,sampled-minset-512,44.21443678110446,11,-4.662052091617008,1
59,4,oracle-minset,17.315250524190645,8,59.0122642223337,-2
59,5,static,11.643707225043611,7,0.0,0
59,5,random,12.542229884476924,8,-7.716809106130259,1
59,5,cost-only,12.434459612876976,8,-6.791242450107235,1
59,5,rho,12.542229884476924,8,-7.716809106130259,1
59,5,rho*C,12.542229884476924,8,-7.716809106130259,1
59,5,rho/C,12.542229884476924,8,-7.716809106130259,1
59,5,sampled-minset-128,39.63904413907707,9,-240.43319170564774,2
59,5,sampled-minset-512,55.73829880024388,11,-378.6989033901539,4
59,5,oracle-minset,12.423310964090774,8,-6.695494175346221,1
59,6,static,45.26221785870494,10,0.0,0
59,6,random,67.36911711484967,12,-48.8418382969121,2
59,6,cost-only,17.33078918753871,8,61.710251933212305,-2
59,6,rho,17.480996266569974,8,61.37839219204769,-2
59,6,rho*C,17.480996266569974,8,61.37839219204769,-2
59,6,rho/C,17.480996266569974,8,61.37839219204769,-2
59,6,sampled-minset-128,37.37988329152354,9,17.41482176544614,-1
59,6,sampled-minset-512,63.37691762007719,11,-40.021679489769824,1
59,6,oracle-minset,17.315250524190645,8,61.74458225126382,-2
59,7,static,12.393581233994235,8,0.0,0
59,7,random,50.04976248400407,10,-303.836159533316,2
59,7,cost-only,12.434459612876976,8,-0.3298350824587923,0
59,7,rho,12.542229884476924,8,-1.1994002998500775,0
59,7,rho*C,12.542229884476924,8,-1.1994002998500775,0
59,7,rho/C,12.542229884476924,8,-1.1994002998500775,0
59,7,sampled-minset-128,39.351142067167196,9,-217.51227772027124,1
59,7,sampled-minset-512,62.789675767975716,11,-406.6306064606291,3
59,7,oracle-minset,12.423310964090774,8,-0.23988005997002948,0
59,8,static,14.42840302346765,7,0.0,0
59,8,random,60.4159541165244,11,-318.7293217292202,4
59,8,cost-only,15.172951443746735,8,-5.160296805322689,1
59,8,rho,15.304456402464202,8,-6.0717279491823115,1
59,8,rho*C,15.304456402464202,8,-6.0717279491823115,1
59,8,rho/C,15.304456402464202,8,-6.0717279491823115,1
59,8,sampled-minset-128,50.332959237225396,9,-248.84636335261322,2
59,8,sampled-minset-512,62.364743450690895,12,-332.2359401054661,5
59,8,oracle-minset,15.159347482500099,8,-5.066010824923413,1
59,9,static,11.572164323226184,7,0.0,0
59,9,random,57.02522235561766,10,-392.77923094441246,3
59,9,cost-only,11.74771293249843,7,-1.5169902912621613,0
59,9,rho,11.849531125876329,8,-2.3968446601941875,1
59,9,rho*C,11.849531125876329,8,-2.3968446601941875,1
59,9,rho/C,11.849531125876329,8,-2.3968446601941875,1
59,9,sampled-minset-128,28.49587760746515,9,-146.24501356476443,2
59,9,sampled-minset-512,78.03618433416682,13,-574.343901058702,6
59,9,oracle-minset,11.818899914438221,8,-2.1321473176527497,1
59,10,static,59.761833298263085,9,0.0,0
59,10,random,78.11596154773147,11,-30.712123836404835,2
59,10,cost-only,11.74771293249843,8,80.34244887725046,-1
59,10,rho,11.849531125876329,8,80.17207560093254,-1
59,10,rho*C,11.849531125876329,8,80.17207560093254,-1
59,10,rho/C,11.849531125876329,8,80.17207560093254,-1
59,10,sampled-minset-128,59.761833298263085,9,0.0,0
59,10,sampled-minset-512,78.71083573535567,12,-31.70753203389983,3
59,10,oracle-minset,11.737180015942094,8,80.3600736989385,-1
59,11,static,57.40091060641771,10,0.0,0
59,11,random,9.561708419805942,6,83.34223565655961,-4
59,11,cost-only,15.172951443746735,8,73.56670602704634,-2
59,11,rho,15.304456402464202,8,73.33760694598966,-2
59,11,rho*C,15.304456402464202,8,73.33760694598966,-2
59,11,rho/C,15.304456402464202,8,73.33760694598966,-2
59,11,sampled-minset-128,30.276781920223637,9,47.2538299473623,-1
59,11,sampled-minset-512,61.41711681435389,11,-6.996763928492716,1
59,11,oracle-minset,15.159347482500099,8,73.59040593198324,-2
